{
  "version": 1,
  "author": "Camilo Quinto",
  "editor": "wokwi",
  "parts": [
    { "type": "wokwi-esp32-devkit-v1", "id": "esp", "top": -62.5, "left": 148.6, "attrs": {} },
    {
      "type": "wokwi-lcd1602",
      "id": "lcd1",
      "top": -416,
      "left": 380,
      "attrs": { "pins": "i2c" }
    },
    {
      "type": "wokwi-resistor",
      "id": "r1",
      "top": 61.55,
      "left": -76.8,
      "attrs": { "value": "220" }
    },
    { "type": "wokwi-slide-switch", "id": "sw1", "top": 33.2, "left": 12.7, "attrs": {} },
    {
      "type": "wokwi-led",
      "id": "led1",
      "top": 25.2,
      "left": -111.4,
      "attrs": { "color": "green" }
    },
    {
      "type": "wokwi-photoresistor-sensor",
      "id": "ldr1",
      "top": 118.4,
      "left": -104.8,
      "attrs": {}
    },
    {
      "type": "wokwi-dht22",
      "id": "dht1",
      "top": -134.1,
      "left": -216.6,
      "attrs": { "humidity": "0", "temperature": "33.2" }
    },
    { "type": "wokwi-relay-module", "id": "relay1", "top": -211, "left": -201.6, "attrs": {} },
    { "type": "wokwi-slide-switch", "id": "sw3", "top": -206.8, "left": 51.1, "attrs": {} },
    { "type": "wokwi-slide-switch", "id": "sw4", "top": -206.8, "left": -6.5, "attrs": {} },
    { "type": "wokwi-vcc", "id": "vcc1", "top": -248.84, "left": -259.2, "attrs": {} },
    { "type": "wokwi-gnd", "id": "gnd1", "top": -115.2, "left": -259.8, "attrs": {} },
    { "type": "wokwi-relay-module", "id": "relay2", "top": -220.6, "left": 393.6, "attrs": {} },
    { "type": "wokwi-relay-module", "id": "relay4", "top": -28.6, "left": 393.6, "attrs": {} },
    { "type": "wokwi-relay-module", "id": "relay5", "top": 67.4, "left": 393.6, "attrs": {} },
    { "type": "wokwi-relay-module", "id": "relay6", "top": 163.4, "left": 393.6, "attrs": {} },
    { "type": "wokwi-vcc", "id": "vcc2", "top": -239.24, "left": 364.8, "attrs": {} },
    { "type": "wokwi-gnd", "id": "gnd2", "top": 220.8, "left": 354.6, "attrs": {} },
    { "type": "wokwi-vcc", "id": "vcc3", "top": -229.64, "left": 681.6, "attrs": {} },
    { "type": "wokwi-vcc", "id": "vcc4", "top": -56.84, "left": 681.6, "attrs": {} },
    { "type": "wokwi-vcc", "id": "vcc5", "top": 135.16, "left": 672, "attrs": {} },
    { "type": "wokwi-gnd", "id": "gnd3", "top": -153.6, "left": 700.2, "attrs": {} },
    { "type": "wokwi-gnd", "id": "gnd4", "top": 48, "left": 700.2, "attrs": {} },
    { "type": "wokwi-gnd", "id": "gnd5", "top": 240, "left": 757.8, "attrs": {} },
    {
      "type": "wokwi-led",
      "id": "led2",
      "top": -253.2,
      "left": 762.2,
      "attrs": { "color": "red" }
    },
    {
      "type": "wokwi-led",
      "id": "led3",
      "top": 44.4,
      "left": 752.6,
      "attrs": { "color": "orange" }
    },
    {
      "type": "wokwi-buzzer",
      "id": "bz1",
      "top": -84,
      "left": 942.6,
      "attrs": { "volume": "0.1" }
    },
    { "type": "wokwi-led", "id": "led4", "top": -3.6, "left": 503, "attrs": { "color": "red" } },
    {
      "type": "wokwi-led",
      "id": "led5",
      "top": 150,
      "left": 752.6,
      "attrs": { "color": "limegreen" }
    }
  ],
  "connections": [
    [ "esp:TX0", "$serialMonitor:RX", "", [] ],
    [ "esp:RX0", "$serialMonitor:TX", "", [] ],
    [ "lcd1:VCC", "esp:3V3", "red", [ "h-67.2", "v105.7" ] ],
    [ "lcd1:GND", "esp:GND.1", "black", [ "h-76.8", "v115.2", "h19.2" ] ],
    [ "lcd1:SDA", "esp:D21", "orange", [ "h-96", "v0.2" ] ],
    [ "lcd1:SCL", "esp:D22", "orange", [ "h-19.2", "v0.3", "h-96", "v326.7" ] ],
    [ "led1:A", "r1:1", "blue", [ "v0" ] ],
    [ "led1:C", "esp:GND.2", "black", [ "v0" ] ],
    [ "ldr1:VCC", "esp:VIN", "red", [ "h28.8", "v-38.4" ] ],
    [ "ldr1:GND", "esp:GND.2", "black", [ "h38.4", "v-58" ] ],
    [ "ldr1:DO", "esp:D12", "orange", [ "h19.2", "v-87" ] ],
    [ "dht1:VCC", "esp:VIN", "red", [ "v28.8", "h38.4", "v86.4" ] ],
    [ "dht1:GND", "esp:GND.2", "black", [ "v9.6", "h19.2", "v96" ] ],
    [ "vcc1:VCC", "relay1:VCC", "red", [ "v0" ] ],
    [ "relay1:GND", "gnd1:GND", "black", [ "h0" ] ],
    [ "relay1:IN", "esp:D27", "cyan", [ "h-28.8", "v191.8", "h326.4", "v28.8" ] ],
    [ "relay1:COM", "relay1:VCC", "red", [ "h39.6", "v-49.4", "h-172.8", "v38.4" ] ],
    [ "relay1:NO", "dht1:VCC", "red", [ "h1.2", "v123", "h-48", "v48", "h-67.2" ] ],
    [ "gnd1:GND", "dht1:GND", "black", [ "v0", "h-28.8", "v201.6", "h105.6" ] ],
    [ "relay2:IN", "esp:D19", "green", [ "h-57.6", "v182.2" ] ],
    [ "relay4:IN", "esp:D5", "green", [ "h-38.4", "v-0.2" ] ],
    [ "relay5:IN", "esp:D4", "green", [ "h-38.4", "v-48.2" ] ],
    [ "relay6:IN", "esp:D2", "green", [ "h-38.4", "v-0.2", "h-9.6", "v-134.4" ] ],
    [ "vcc2:VCC", "relay2:VCC", "red", [ "v0" ] ],
    [ "relay4:VCC", "vcc2:VCC", "red", [ "h0" ] ],
    [ "relay5:VCC", "vcc2:VCC", "red", [ "h0" ] ],
    [ "relay6:VCC", "vcc2:VCC", "red", [ "h0" ] ],
    [ "relay4:GND", "relay5:GND", "black", [ "h-28.8", "v95.6" ] ],
    [ "relay5:GND", "relay6:GND", "black", [ "h-28.8", "v95.6" ] ],
    [ "gnd2:GND", "relay6:GND", "black", [ "v0" ] ],
    [ "vcc3:VCC", "relay2:COM", "red", [ "v9.6", "h-182.4" ] ],
    [ "vcc4:VCC", "relay4:COM", "red", [ "v28.8", "h-182.4" ] ],
    [ "relay4:COM", "relay5:COM", "red", [ "h20.4", "v94.6" ] ],
    [ "vcc5:VCC", "relay6:COM", "red", [ "v0" ] ],
    [ "dht1:SDA", "esp:D14", "orange", [ "v48", "h278.5", "v28.8" ] ],
    [ "sw1:3", "esp:GND.2", "black", [ "v0" ] ],
    [ "sw1:1", "esp:VIN", "red", [ "v0" ] ],
    [ "sw1:2", "esp:D13", "orange", [ "v0" ] ],
    [ "r1:2", "sw1:2", "green", [ "v0" ] ],
    [ "sw4:1", "sw3:1", "red", [ "v19.2", "h57.6" ] ],
    [ "sw4:1", "relay1:NO", "red", [ "v0" ] ],
    [ "sw4:3", "sw3:3", "black", [ "v28.8", "h57.8" ] ],
    [ "sw3:2", "esp:D32", "green", [ "v57.6", "h76.9", "v124.8", "h9.6" ] ],
    [ "sw4:2", "esp:D33", "green", [ "v67.2", "h124.9", "v124.8" ] ],
    [ "led2:A", "relay2:NO", "blue", [ "v0" ] ],
    [ "led2:C", "gnd3:GND", "black", [ "v76.8", "h-38", "v-9.6" ] ],
    [ "relay5:NO", "led3:A", "blue", [ "h0" ] ],
    [ "led3:C", "gnd4:GND", "black", [ "v0", "h-28.4", "v-38.4" ] ],
    [ "bz1:1", "gnd4:GND", "black", [ "h-259.2", "v28.8" ] ],
    [ "bz1:2", "relay4:NO", "blue", [ "v0" ] ],
    [ "led5:A", "relay6:NO", "green", [ "v0" ] ],
    [ "gnd5:GND", "led5:C", "black", [ "v0" ] ]
  ],
  "dependencies": {}
}